turn_number,start_utc,end_utc,duration_ms,workpackage
1,2026-09-23T06:30:53.367Z,2026-09-23T06:50:35.615Z,1182292,设计评审与归档为主
2,2026-09-23T08:07:53.254Z,2026-09-23T08:48:37.945Z,2444688,设计评审与归档为主
3,2026-09-23T09:13:58.814Z,2026-09-23T09:15:08.920Z,70105,设计评审与归档为主
4,2026-09-23T09:18:14.970Z,2026-09-23T09:32:56.933Z,881964,设计评审与归档为主
5,2026-09-23T09:32:56.981Z,2026-09-23T09:46:36.452Z,819465,设计评审与归档为主
6,2026-09-23T09:46:46.038Z,2026-09-23T11:23:39.606Z,939796,设计评审与归档为主
7,2026-09-23T11:23:39.657Z,2026-09-23T11:30:53.488Z,433830,设计评审与归档为主
8,2026-09-23T11:33:13.024Z,2026-09-23T12:15:19.244Z,2526190,设计评审与归档为主
9,2026-09-23T12:18:14.872Z,2026-09-23T12:27:10.004Z,535128,设计评审与归档为主
10,2026-09-23T12:38:38.575Z,2026-09-23T12:46:32.519Z,473969,ZCode监督与工作流混合
11,2026-09-23T12:46:32.529Z,2026-09-23T14:04:03.178Z,4650637,ZCode监督与工作流混合
12,2026-09-23T14:04:13.783Z,2026-09-23T14:04:18.452Z,4670,ZCode监督与工作流混合
13,2026-09-23T14:04:31.066Z,2026-09-23T16:47:32.138Z,9781014,ZCode监督与工作流混合
14,2026-09-23T16:47:32.154Z,2026-09-23T17:28:29.967Z,2457801,ZCode监督与工作流混合
15,2026-09-23T17:28:29.982Z,2026-09-23T18:19:20.943Z,3050950,ZCode监督与工作流混合
16,2026-09-23T18:19:20.956Z,2026-09-23T18:35:25.490Z,964530,ZCode监督与工作流混合
17,2026-09-23T18:35:25.504Z,2026-09-23T19:17:09.070Z,2503554,ZCode监督与工作流混合
18,2026-09-23T19:17:09.084Z,2026-09-23T19:18:34.076Z,84992,ZCode监督与工作流混合
19,2026-09-23T19:18:34.086Z,2026-09-23T19:34:13.744Z,939654,ZCode监督与工作流混合
20,2026-09-23T19:34:13.756Z,2026-09-23T19:46:39.932Z,746172,ZCode监督与工作流混合
21,2026-09-23T19:46:39.946Z,2026-09-23T20:12:45.652Z,1565710,ZCode监督与工作流混合
22,2026-09-23T20:12:45.667Z,2026-09-23T20:15:41.326Z,175658,ZCode监督与工作流混合
23,2026-09-23T20:15:41.336Z,2026-09-23T20:43:12.615Z,1651279,ZCode监督与工作流混合
24,2026-09-23T20:43:12.630Z,2026-09-23T21:10:38.082Z,1645448,ZCode监督与工作流混合
25,2026-09-23T21:10:38.095Z,2026-09-23T21:43:36.579Z,1978480,ZCode监督与工作流混合
26,2026-09-23T21:43:36.593Z,2026-09-24T01:11:55.995Z,8417616,ZCode监督与工作流混合
27,2026-09-24T01:11:56.062Z,2026-09-24T05:24:05.032Z,15128905,ZCode监督与工作流混合
28,2026-09-24T05:24:05.151Z,2026-09-24T06:14:31.314Z,3026123,ZCode监督与工作流混合
29,2026-09-24T06:14:31.329Z,2026-09-24T11:27:15.685Z,12205555,ZCode监督与工作流混合
30,2026-09-24T12:03:59.590Z,2026-09-24T13:22:56.203Z,4736596,ZCode监督与工作流混合
31,2026-09-24T13:23:13.992Z,2026-09-24T14:36:43.982Z,4409962,产品实现与验证混合
32,2026-09-24T14:36:44.041Z,2026-09-24T16:31:03.294Z,6859222,产品实现与验证混合
33,2026-09-24T16:31:03.354Z,2026-09-24T16:48:27.626Z,1044275,产品实现与验证混合
34,2026-09-24T16:48:27.639Z,2026-09-24T16:58:10.669Z,583029,产品实现与验证混合
35,2026-09-24T16:58:10.682Z,2026-09-24T17:26:10.863Z,1680179,产品实现与验证混合
36,2026-09-24T17:26:10.880Z,2026-09-24T17:38:30.537Z,739658,产品实现与验证混合
37,2026-09-24T17:38:30.549Z,2026-09-24T18:30:55.719Z,3145164,产品实现与验证混合
38,2026-09-24T18:30:55.735Z,2026-09-24T18:53:37.860Z,1362123,产品实现与验证混合
39,2026-09-24T18:53:37.904Z,2026-09-24T19:20:00.147Z,1582241,产品实现与验证混合
40,2026-09-24T19:20:00.196Z,2026-09-24T20:42:04.311Z,4924111,产品实现与验证混合
41,2026-09-24T20:42:04.369Z,2026-09-24T21:19:54.863Z,2270491,产品实现与验证混合
42,2026-09-24T21:19:54.876Z,2026-09-24T21:46:33.441Z,1598559,产品实现与验证混合
43,2026-09-24T21:46:33.454Z,2026-09-24T23:54:03.777Z,7650315,产品实现与验证混合
44,2026-09-24T23:54:03.845Z,2026-09-25T00:43:07.009Z,2943148,产品实现与验证混合
45,2026-09-25T00:43:07.070Z,2026-09-25T01:02:35.700Z,1168625,产品实现与验证混合
46,2026-09-25T01:02:35.713Z,2026-09-25T01:19:23.015Z,1007295,产品实现与验证混合
47,2026-09-25T01:19:23.024Z,2026-09-25T01:30:36.868Z,673841,产品实现与验证混合
48,2026-09-25T01:30:36.881Z,2026-09-25T01:41:21.053Z,644166,产品实现与验证混合
49,2026-09-25T01:41:21.061Z,2026-09-25T02:08:10.568Z,1609512,产品实现与验证混合
50,2026-09-25T02:08:10.582Z,2026-09-25T02:15:17.835Z,427252,产品实现与验证混合
51,2026-09-25T02:15:17.846Z,2026-09-25T02:55:57.853Z,2440000,产品实现与验证混合
52,2026-09-25T02:55:57.868Z,2026-09-25T03:22:25.084Z,1587215,产品实现与验证混合
53,2026-09-25T03:22:25.098Z,2026-09-25T04:19:19.824Z,3414723,产品实现与验证混合
54,2026-09-25T04:19:19.879Z,2026-09-25T04:54:43.295Z,2123404,产品实现与验证混合
55,2026-09-25T04:54:43.309Z,2026-09-25T05:29:44.855Z,2101532,产品实现与验证混合
56,2026-09-25T05:29:44.885Z,2026-09-25T05:59:10.708Z,1765830,产品实现与验证混合
57,2026-09-25T05:59:10.722Z,2026-09-25T08:31:22.598Z,9131834,产品实现与验证混合
58,2026-09-25T08:31:22.613Z,2026-09-25T09:41:57.766Z,4235161,产品实现与验证混合
59,2026-09-25T09:41:57.780Z,2026-09-25T11:24:58.353Z,6180549,产品实现与验证混合
60,2026-09-25T11:24:58.414Z,2026-09-25T11:50:29.029Z,1530610,产品实现与验证混合
61,2026-09-25T11:50:29.040Z,2026-09-25T12:24:57.585Z,2068535,产品实现与验证混合
62,2026-09-25T12:24:57.598Z,2026-09-25T13:05:13.640Z,2416032,产品实现与验证混合
63,2026-09-25T13:05:13.653Z,2026-09-25T13:33:13.882Z,1680225,产品实现与验证混合
64,2026-09-25T13:33:13.895Z,2026-09-25T13:50:31.669Z,1037767,测试与验证主题工作包
65,2026-09-25T13:50:31.678Z,2026-09-25T13:59:11.685Z,520008,测试与验证主题工作包
66,2026-09-25T13:59:11.699Z,2026-09-25T14:43:18.139Z,2646436,测试与验证主题工作包
67,2026-09-25T14:43:18.156Z,2026-09-25T16:49:51.188Z,7592999,产品实现与验证混合
68,2026-09-25T16:49:51.258Z,2026-09-25T17:11:49.627Z,1318362,测试与验证主题工作包
69,2026-09-25T17:11:49.644Z,2026-09-25T17:40:50.869Z,1741221,产品实现与验证混合
70,2026-09-25T17:40:50.926Z,2026-09-25T18:08:36.676Z,1665743,测试与验证主题工作包
71,2026-09-25T18:08:36.734Z,2026-09-25T18:46:00.904Z,2244155,测试与验证主题工作包
72,2026-09-25T18:46:00.957Z,2026-09-25T19:18:25.335Z,1944375,产品实现与验证混合
73,2026-09-25T19:18:25.349Z,2026-09-25T19:57:26.832Z,2341478,测试与验证主题工作包
74,2026-09-25T19:57:26.890Z,2026-09-25T20:10:46.728Z,799832,测试与验证主题工作包
75,2026-09-25T20:10:46.742Z,2026-09-25T20:28:13.899Z,1047155,测试与验证主题工作包
76,2026-09-25T20:28:13.912Z,2026-09-25T20:51:03.540Z,1369617,测试与验证主题工作包
77,2026-09-25T20:51:03.555Z,2026-09-25T21:27:15.183Z,2171621,测试与验证主题工作包
78,2026-09-25T21:27:15.206Z,2026-09-25T21:58:03.690Z,1848484,测试与验证主题工作包
79,2026-09-25T21:58:03.704Z,2026-09-25T23:08:12.037Z,4208322,测试与验证主题工作包
80,2026-09-25T23:50:08.030Z,2026-09-26T00:13:35.536Z,1407502,测试与验证主题工作包
81,2026-09-26T00:13:35.548Z,2026-09-26T03:13:26.949Z,10791387,产品实现与验证混合
82,2026-09-26T03:13:27.001Z,2026-09-26T03:50:08.075Z,2201083,测试与验证主题工作包
83,2026-09-26T03:50:08.090Z,2026-09-26T06:17:25.114Z,8837009,测试与验证主题工作包
84,2026-09-26T06:17:25.171Z,2026-09-26T07:18:56.771Z,3691593,产品实现与验证混合
85,2026-09-26T07:18:56.787Z,2026-09-26T14:40:46.376Z,26509536,产品实现与验证混合
86,2026-09-26T14:40:46.432Z,2026-09-26T20:10:55.577Z,19809131,产品实现与验证混合
87,2026-09-26T20:10:55.637Z,2026-09-26T20:46:50.787Z,2155153,测试与验证主题工作包
88,2026-09-26T20:46:50.799Z,2026-09-26T20:49:31.791Z,160994,产品实现与验证混合
89,2026-09-26T20:49:43.063Z,2026-09-26T21:20:12.623Z,1829557,产品实现与验证混合
90,2026-09-26T23:26:25.869Z,2026-09-26T23:26:36.688Z,10819,设计评审与归档为主
91,2026-09-26T23:27:31.770Z,2026-09-26T23:35:53.657Z,501887,设计评审与归档为主
92,2026-09-26T23:35:53.664Z,2026-09-26T23:38:03.198Z,129534,设计评审与归档为主
93,2026-09-27T00:00:18.657Z,2026-09-27T00:18:05.679Z,1067020,设计评审与归档为主
94,2026-09-27T06:39:45.411Z,2026-09-27T06:54:14.547Z,869136,设计评审与归档为主
95,2026-09-27T09:38:17.956Z,2026-09-27T09:54:37.292Z,979338,设计评审与归档为主
96,2026-09-28T01:16:36.168Z,2026-09-28T01:26:20.751Z,584582,测试与验证主题工作包
97,2026-09-28T01:28:35.664Z,2026-09-28T01:55:08.963Z,1593294,测试与验证主题工作包
98,2026-09-28T02:31:29.356Z,2026-09-28T02:38:52.192Z,442831,设计评审与归档为主
99,2026-09-28T02:40:35.723Z,2026-09-28T02:44:04.721Z,208997,设计评审与归档为主
100,2026-09-29T06:35:26.621Z,2026-09-29T06:40:00.944Z,274322,设计评审与归档为主
101,2026-09-29T06:40:56.226Z,2026-09-29T06:41:45.469Z,49242,设计评审与归档为主
102,2026-09-29T07:20:49.354Z,2026-09-29T07:21:26.738Z,37408,设计评审与归档为主
103,2026-09-29T07:25:27.887Z,2026-09-29T07:34:53.195Z,565302,设计评审与归档为主
104,2026-09-29T07:35:28.906Z,2026-09-29T07:41:43.212Z,374304,设计评审与归档为主
105,2026-09-29T07:44:07.899Z,2026-09-29T07:52:03.588Z,475687,设计评审与归档为主
106,2026-09-29T07:52:03.599Z,2026-09-29T07:55:41.770Z,218170,设计评审与归档为主
107,2026-09-29T07:55:41.777Z,2026-09-29T07:58:51.629Z,189851,设计评审与归档为主
108,2026-09-29T08:00:47.677Z,2026-09-29T08:04:11.500Z,203822,设计评审与归档为主
109,2026-09-29T08:34:11.505Z,2026-09-29T08:37:46.752Z,215248,设计评审与归档为主
110,2026-09-29T10:10:57.213Z,2026-09-29T10:12:28.002Z,90790,设计评审与归档为主
111,2026-09-29T22:30:00.731Z,2026-09-29T22:31:39.736Z,99005,设计评审与归档为主
112,2026-09-30T00:25:42.450Z,2026-09-30T00:26:36.515Z,54070,设计评审与归档为主
113,2026-09-30T00:31:52.531Z,2026-09-30T00:34:15.177Z,142646,设计评审与归档为主
114,2026-09-30T00:40:44.202Z,2026-09-30T01:05:24.437Z,1480231,设计评审与归档为主
115,2026-09-30T01:08:11.875Z,2026-09-30T01:23:25.371Z,913493,设计评审与归档为主
116,2026-09-30T01:25:06.377Z,2026-09-30T02:05:56.720Z,2450332,设计评审与归档为主
117,2026-09-30T02:17:46.426Z,2026-09-30T02:41:35.805Z,1429366,设计评审与归档为主
118,2026-09-30T02:47:24.011Z,2026-09-30T03:15:50.660Z,1706630,设计评审与归档为主
119,2026-09-30T03:15:50.669Z,2026-09-30T03:32:37.715Z,1007034,设计评审与归档为主
120,2026-10-01T11:07:39.114Z,2026-10-01T11:16:48.925Z,549812,设计评审与归档为主
121,2026-10-01T11:16:48.938Z,2026-10-01T13:07:08.251Z,2207896,产品实现与验证混合
122,2026-10-01T13:07:08.262Z,2026-10-01T14:02:53.343Z,1549181,产品实现与验证混合
123,2026-10-01T14:02:53.353Z,2026-10-01T23:10:58.622Z,2977237,产品实现与验证混合
124,2026-10-01T23:10:58.636Z,2026-10-01T23:19:21.955Z,503322,设计评审与归档为主
125,2026-10-01T23:19:21.968Z,2026-10-01T23:41:52.703Z,1350743,产品实现与验证混合
126,2026-10-01T23:41:52.738Z,2026-10-01T23:49:13.256Z,440519,产品实现与验证混合
127,2026-10-01T23:49:33.720Z,2026-10-02T00:24:25.497Z,2091777,测试与验证主题工作包
128,2026-10-02T00:24:25.555Z,2026-10-02T00:27:33.196Z,187642,设计评审与归档为主
129,2026-10-02T00:27:33.207Z,2026-10-02T00:58:36.652Z,1863435,产品实现与验证混合
130,2026-10-02T00:58:36.668Z,2026-10-02T01:46:29.792Z,2873106,测试与验证主题工作包
131,2026-10-02T01:46:29.855Z,2026-10-02T02:13:02.318Z,1592440,产品实现与验证混合
132,2026-10-02T02:13:02.328Z,2026-10-02T02:16:00.730Z,178401,设计评审与归档为主
133,2026-10-02T02:16:00.744Z,2026-10-02T02:32:14.642Z,973891,产品实现与验证混合
134,2026-10-02T02:32:14.657Z,2026-10-02T03:11:11.879Z,2337206,产品实现与验证混合
135,2026-10-02T03:11:11.898Z,2026-10-02T03:39:05.542Z,1673636,产品实现与验证混合
136,2026-10-02T03:39:05.557Z,2026-10-02T03:57:24.078Z,1098512,测试与验证主题工作包
137,2026-10-02T03:57:24.092Z,2026-10-02T04:00:53.384Z,209295,设计评审与归档为主
138,2026-10-02T04:00:53.400Z,2026-10-02T04:12:15.622Z,682218,产品实现与验证混合
139,2026-10-02T04:12:15.635Z,2026-10-02T04:29:43.214Z,1047574,产品实现与验证混合
140,2026-10-02T04:29:43.229Z,2026-10-02T05:05:47.053Z,2163816,测试与验证主题工作包
141,2026-10-02T05:05:47.068Z,2026-10-02T05:14:02.291Z,495221,测试与验证主题工作包
142,2026-10-02T05:14:02.304Z,2026-10-02T05:48:06.680Z,2044365,测试与验证主题工作包
143,2026-10-02T05:48:06.693Z,2026-10-02T06:15:17.431Z,1630722,产品实现与验证混合
144,2026-10-02T06:15:17.446Z,2026-10-02T06:23:49.253Z,511800,产品实现与验证混合
145,2026-10-02T06:23:49.286Z,2026-10-02T06:54:08.599Z,1819307,产品实现与验证混合
146,2026-10-02T06:54:08.618Z,2026-10-02T07:44:52.329Z,3043677,测试与验证主题工作包
147,2026-10-02T07:44:52.342Z,2026-10-02T07:50:14.159Z,321815,设计评审与归档为主
148,2026-10-02T07:50:14.169Z,2026-10-02T08:20:56.508Z,1842345,产品实现与验证混合
149,2026-10-02T08:20:56.524Z,2026-10-02T08:47:23.485Z,1586960,测试与验证主题工作包
150,2026-10-02T08:47:23.499Z,2026-10-02T08:52:07.543Z,284043,设计评审与归档为主
151,2026-10-02T08:52:07.561Z,2026-10-02T09:19:15.205Z,1627640,产品实现与验证混合
152,2026-10-02T09:19:15.275Z,2026-10-02T09:58:57.247Z,2381962,产品实现与验证混合
153,2026-10-02T09:58:57.262Z,2026-10-02T10:19:33.403Z,1236133,产品实现与验证混合
154,2026-10-02T10:19:33.438Z,2026-10-02T10:46:05.912Z,1592465,产品实现与验证混合
155,2026-10-02T10:46:05.925Z,2026-10-02T10:50:32.082Z,266156,设计评审与归档为主
156,2026-10-02T10:50:32.107Z,2026-10-02T12:33:39.548Z,6187406,产品实现与验证混合
157,2026-10-02T12:33:39.663Z,2026-10-02T12:53:03.024Z,1163354,产品实现与验证混合
158,2026-10-02T12:53:03.035Z,2026-10-02T13:36:10.973Z,2587912,产品实现与验证混合
159,2026-10-02T13:36:10.988Z,2026-10-02T14:03:17.843Z,1626837,产品实现与验证混合
160,2026-10-02T14:03:17.857Z,2026-10-02T14:09:18.509Z,360643,设计评审与归档为主
161,2026-10-02T14:09:18.520Z,2026-10-02T15:16:37.934Z,4039415,产品实现与验证混合
162,2026-10-02T15:16:37.946Z,2026-10-02T15:48:09.739Z,1891785,产品实现与验证混合
163,2026-10-02T15:48:09.764Z,2026-10-02T16:12:00.446Z,1430679,测试与验证主题工作包
164,2026-10-02T16:12:00.461Z,2026-10-02T16:42:49.302Z,1848826,测试与验证主题工作包
165,2026-10-02T16:42:49.312Z,2026-10-02T17:24:03.443Z,2474100,产品实现与验证混合
166,2026-10-02T17:24:03.463Z,2026-10-02T17:33:40.634Z,577167,设计评审与归档为主
167,2026-10-02T17:33:40.642Z,2026-10-02T18:26:44.252Z,3183627,产品实现与验证混合
168,2026-10-02T18:26:44.265Z,2026-10-02T19:18:50.482Z,3126219,产品实现与验证混合
169,2026-10-02T19:18:50.494Z,2026-10-02T20:13:04.473Z,3253970,产品实现与验证混合
170,2026-10-02T20:13:04.507Z,2026-10-02T20:36:47.894Z,1423385,产品实现与验证混合
171,2026-10-02T20:36:47.908Z,2026-10-02T20:44:53.696Z,485787,设计评审与归档为主
172,2026-10-02T20:44:53.707Z,2026-10-02T21:09:18.134Z,1464425,测试与验证主题工作包
173,2026-10-02T21:09:18.191Z,2026-10-02T21:46:44.895Z,2246694,测试与验证主题工作包
174,2026-10-02T21:46:44.907Z,2026-10-02T22:32:43.889Z,2758971,产品实现与验证混合
175,2026-10-02T22:32:43.898Z,2026-10-02T23:36:12.804Z,3808891,产品实现与验证混合
176,2026-10-02T23:36:12.820Z,2026-10-02T23:46:59.831Z,647010,产品实现与验证混合
177,2026-10-02T23:46:59.849Z,2026-10-03T00:26:10.637Z,2350774,产品实现与验证混合
178,2026-10-03T00:26:10.653Z,2026-10-03T01:36:38.424Z,4227737,产品实现与验证混合
179,2026-10-03T01:36:38.438Z,2026-10-03T02:00:50.310Z,1451850,测试与验证主题工作包
180,2026-10-03T02:00:50.323Z,2026-10-03T02:25:47.070Z,1496729,测试与验证主题工作包
181,2026-10-03T02:25:47.101Z,2026-10-03T03:06:23.543Z,2436468,产品实现与验证混合
182,2026-10-03T03:06:23.557Z,2026-10-03T03:43:30.665Z,2227107,产品实现与验证混合
183,2026-10-03T03:43:30.679Z,2026-10-03T04:06:28.449Z,1377772,产品实现与验证混合
184,2026-10-03T04:06:28.462Z,2026-10-03T04:17:20.793Z,652330,产品实现与验证混合
185,2026-10-03T04:17:20.802Z,2026-10-03T04:56:31.014Z,2350214,产品实现与验证混合
186,2026-10-03T04:56:31.030Z,2026-10-03T05:18:52.325Z,1341293,产品实现与验证混合
187,2026-10-03T05:18:52.333Z,2026-10-03T05:29:25.010Z,632676,设计评审与归档为主
188,2026-10-03T05:29:25.024Z,2026-10-03T05:48:32.012Z,1146987,产品实现与验证混合
189,2026-10-03T05:48:32.024Z,2026-10-03T06:40:59.196Z,3147165,产品实现与验证混合
190,2026-10-03T06:40:59.208Z,2026-10-03T06:46:20.498Z,321289,设计评审与归档为主
191,2026-10-03T06:46:20.507Z,2026-10-03T07:16:49.309Z,1828797,产品实现与验证混合
192,2026-10-03T07:16:49.349Z,2026-10-03T07:34:32.559Z,1063210,测试与验证主题工作包
193,2026-10-03T07:34:32.570Z,2026-10-03T07:44:22.698Z,590127,产品实现与验证混合
194,2026-10-03T07:44:22.724Z,2026-10-03T08:16:31.692Z,1928960,产品实现与验证混合
195,2026-10-03T08:16:31.732Z,2026-10-03T08:19:31.518Z,179784,设计评审与归档为主
196,2026-10-03T08:19:31.532Z,2026-10-03T08:38:41.331Z,1149790,产品实现与验证混合
197,2026-10-03T08:38:41.344Z,2026-10-03T08:50:10.280Z,688933,产品实现与验证混合
198,2026-10-03T08:50:10.316Z,2026-10-03T09:21:12.869Z,1862535,产品实现与验证混合
199,2026-10-03T09:21:12.883Z,2026-10-03T09:44:20.091Z,1387210,产品实现与验证混合
200,2026-10-03T09:44:20.103Z,2026-10-03T09:47:12.898Z,172793,设计评审与归档为主
201,2026-10-03T09:47:12.921Z,2026-10-03T10:19:26.755Z,1933829,产品实现与验证混合
202,2026-10-03T10:19:26.776Z,2026-10-03T10:41:38.910Z,1332129,产品实现与验证混合
203,2026-10-03T10:41:38.920Z,2026-10-03T10:54:31.489Z,772566,测试与验证主题工作包
204,2026-10-03T10:54:31.499Z,2026-10-03T11:12:11.479Z,1059976,测试与验证主题工作包
205,2026-10-03T11:12:11.495Z,2026-10-03T11:43:42.156Z,1890650,测试与验证主题工作包
206,2026-10-03T11:43:42.168Z,2026-10-03T11:48:24.267Z,282098,设计评审与归档为主
207,2026-10-03T11:48:24.280Z,2026-10-03T12:03:51.917Z,927633,测试与验证主题工作包
208,2026-10-03T12:33:21.270Z,2026-10-03T13:18:44.653Z,2723379,产品实现与验证混合
209,2026-10-03T13:18:44.681Z,2026-10-03T13:31:02.096Z,737408,设计评审与归档为主
210,2026-10-03T13:31:02.105Z,2026-10-03T13:59:52.321Z,1730207,设计评审与归档为主
211,2026-10-03T13:59:52.341Z,2026-10-03T14:30:59.761Z,1867430,测试与验证主题工作包
212,2026-10-03T14:30:59.770Z,2026-10-03T15:17:13.915Z,2774142,测试与验证主题工作包
213,2026-10-03T15:17:13.931Z,2026-10-03T15:40:26.583Z,1392649,测试与验证主题工作包
214,2026-10-03T15:40:26.594Z,2026-10-03T16:10:54.334Z,1827735,测试与验证主题工作包
215,2026-10-03T16:10:54.350Z,2026-10-03T16:52:02.108Z,2467752,测试与验证主题工作包
216,2026-10-03T16:52:02.124Z,2026-10-03T17:50:42.334Z,3520197,产品实现与验证混合
217,2026-10-03T17:50:42.348Z,2026-10-03T18:52:14.037Z,3691680,产品实现与验证混合
218,2026-10-03T18:52:14.057Z,2026-10-03T19:15:04.486Z,1370423,测试与验证主题工作包
219,2026-10-03T19:15:04.500Z,2026-10-03T19:41:37.208Z,1592704,产品实现与验证混合
220,2026-10-03T19:41:37.224Z,2026-10-03T19:47:01.628Z,324403,测试与验证主题工作包
221,2026-10-03T19:47:01.636Z,2026-10-03T20:07:17.548Z,1215908,测试与验证主题工作包
222,2026-10-03T20:07:17.560Z,2026-10-03T20:13:02.077Z,344516,设计评审与归档为主
223,2026-10-03T20:13:02.094Z,2026-10-03T20:26:50.958Z,828862,产品实现与验证混合
224,2026-10-03T20:26:50.967Z,2026-10-03T20:49:31.627Z,1360654,测试与验证主题工作包
225,2026-10-03T20:49:31.638Z,2026-10-03T21:01:17.353Z,705714,测试与验证主题工作包
226,2026-10-03T21:01:17.377Z,2026-10-03T21:11:01.687Z,584308,设计评审与归档为主
227,2026-10-03T21:11:01.702Z,2026-10-03T21:19:22.627Z,500923,设计评审与归档为主
228,2026-10-03T21:19:22.635Z,2026-10-03T21:37:01.600Z,1058964,设计评审与归档为主
229,2026-10-03T21:37:01.614Z,2026-10-03T21:53:33.706Z,992085,设计评审与归档为主
230,2026-10-03T21:53:33.717Z,2026-10-03T22:33:51.808Z,2418087,产品实现与验证混合
231,2026-10-03T22:33:51.829Z,2026-10-03T22:55:53.914Z,1322080,测试与验证主题工作包
232,2026-10-03T22:55:53.924Z,2026-10-03T23:59:01.804Z,3787863,产品实现与验证混合
233,2026-10-03T23:59:01.817Z,2026-10-04T00:34:09.573Z,2107744,产品实现与验证混合
